login1,Password123
user2,SecurePass456!
john_doe,MyPassword789
jane_smith,Password!@#
admin,Admin123
alice_wonderland,LetMeIn123
bob_marley,Marley123!
jdoe1985,Password1985
jsmith,Smith@123
billy123,BillyB0y!
susan87,Susy_1987
david_parker,DavidParker123
julie_s,Julie1234!
mike_taylor,Passw0rd
rachel_94,Rachel_1994
tom_jackson,JackoPass1!
sara_02,Sara_Secured2@
daniel1990,DannyD1990!
amber32,Amber_R0se!
kevin_p,Passw0rd!
lauren_g,LaurenL0ve!
matt_1987,1987Matt!
anna_21,AnnaS_21
alex2020,Alex!2020
emily_j,EmilyP@ss
nick_k,SuperNick123
ruthie,MyPassword!
george_97,GeorgeG1!
natalie1995,Nat1995!
rob_f,Robbie_1980
emma123,PasswordEmma1
james1989,James!1989
linda_s,Secur3Linda!
marko,Marko123
julia_w,Julia_1990
steve_2010,SteveP@ss!
maggie_c,Maggie_1234
keith85,KeithPass85
debbie_r,Debbie_12
freddy2021,Freddy_Pass2021
sharon90,Sharon_90!
troy_jones,PasswordTroy
laura_w,SecureLaura!
eric_1998,Eric@1998
karen_j,PassKaren!
charlie_brown,CharlieBrown1!
carla_s,Carla!2021
peter_m,PasswordPete!
carrie88,Carrie1988
simon_09,Simon_09!
tracy_a,TracyPass!
bradley_93,Bradley_1993
jenny_l,Secur3Jenny!
mason78,Mason_78
shelley_s,Shelley!98
gary_86,GaryPass86
marie_00,Marie!2000
edward_k,EdwardK123
sophie_m,PasswordSophie!
greg_97,Greg_1997
erica_88,Erica88!
nicki_p,PassNicki!
philip,PhilipP@ss
erin_h,Erin_1985
miles_h,Miles_123!
gina_d,Gina_99
harry_j,H@rryJ!
holly_08,Holly_08
maxi_89,MaxiP@ss89
kate_2021,Kate2021!
terry_b,TerryB!2021
tina_l,Tina_87
norman_1990,Norman_90
becky_w,Becky_1234
rick_2015,Rick!2015
lucy_r,PassLucy!
timothy78,Timothy!78
sylvia_s,SylviaS1!
jeremy_j,Jeremy_99
priscilla22,Priscilla!22
nate_1985,Nate_1985!
patricia_p,PassPatricia!
carlos_87,Carlos_87
julio_78,Julio_1978
randy_j,RandyJ123!
vicky_92,Vicky_1992
bobby_r,Bobby!2022
jill_00,Jill_00
samuel_93,Samuel93!
lisa_80,LisaP@ss80
carol_89,Carol!1989
gregory_87,Gregory!87
jerry_g,JerryG_123
trevor_78,Trevor78!
valerie_82,Valerie_1982